filename, apple
img_p2_26_jpeg.rf.57ee5e485aef15346298db4c57188a53.jpg, 1
img_p1_129_jpeg.rf.78bd562e5995af729ab886cccdf207dd.jpg, 1
img_p3_101_jpeg.rf.7aa5195fd03c53f5b4dce88f1624472f.jpg, 1
-00144_jpeg.rf.5e06618e9839964070112573aba7d51b.jpg, 1
img_p1_131_jpeg.rf.8af7d0b399c914d189b1b282963fe69c.jpg, 1
img_p1_139_jpeg.rf.99200e55b0ae3f1ebcf6e12451f5a75d.jpg, 1
IMG_3635_jpeg_jpeg.rf.5b7b1675850b6e4ff8b543764b689000.jpg, 1
IMG_3588_jpeg_jpeg.rf.a5289207832a306febd4731225ed443c.jpg, 1
img_p2_13_jpeg.rf.7c58ce045760266eb7fa62fdd1b11bf6.jpg, 1
-00039_jpeg.rf.7008cf41e85cc639d2e13caf3d1e3d9c.jpg, 1
img_p3_119_jpeg.rf.5294ce4ff93ca957346d1727973b8b20.jpg, 0
img_p3_10_jpeg.rf.ada91933a36ac761ed7f23fd2ba05469.jpg, 0
img_p1_46_jpeg.rf.5e9517ab5002f503188dcfeeaa9735eb.jpg, 1
img_p2_94_jpeg.rf.cf13ce510994fea3fcd74582ab526bcd.jpg, 1
img_p2_53_jpeg.rf.b8c2a7587417839581abdd85671f1c35.jpg, 1
img_p1_115_jpeg.rf.0189d5b6b2b18fafd2f4eda4b3bcc893.jpg, 1
-00117_jpeg.rf.c081160988ca2573e2a34f2e8f040663.jpg, 1
img_p3_90_jpeg.rf.4d88e46b2dfebd8fab113bf548eff966.jpg, 1
-00120_jpeg.rf.1952105f31c57c8f48cf01b40dd291dd.jpg, 1
w3URy9mtxcZqUl6ure5P8209Ddq5aFvKNiYnXdJB_jpg.rf.cfa1598f432555c7dfc3b2528cb0fafa.jpg, 1
apples-OG_jpg.rf.39d05c0eb4b6139f139576917c99093c.jpg, 1
-00040_jpeg.rf.d1544bc4c37d7172861d9ce53e544754.jpg, 1
img_p1_57_jpeg.rf.33b76c1f300193126a09a9f8102c7ea7.jpg, 1
-00020_jpeg.rf.d57d855793ba7d69eea923603d2b5858.jpg, 1
-00010_jpeg.rf.3335501ae974eafd048f16eb013d3326.jpg, 1
-00018_jpeg.rf.d3a946692e40e1073e48730e5b5552c5.jpg, 1
-00141_jpeg.rf.c2243434b3868f4c92a33eedd15f1f95.jpg, 1
img_p2_72_jpeg.rf.dbaefad17e3fb345f84def29282f80e9.jpg, 1
-00038_jpeg.rf.daeaef88b6862bdd42b9d6f146f59e2b.jpg, 1
-00127_jpeg.rf.3cb8be51b0d5c4fdfdb44db05101c99b.jpg, 1
img_p3_115_jpeg.rf.be2525e9a00dca689b2812100d9859fa.jpg, 1
img_p3_74_jpeg.rf.09c4ad9942f9be6dd953b3eb59779961.jpg, 1
img_p1_12_jpeg.rf.08372279f93e9b0cc22a8e1759d00736.jpg, 1
images_jpg.rf.0c7a7f3e803a3ced2a34df7f65dd4460.jpg, 1
-00034_jpeg.rf.e275fddb093bd39801401a96aac58d25.jpg, 1
img_p3_50_jpeg.rf.0afeb1206a863362c7f324f54094b567.jpg, 0
-00047_jpeg.rf.dd7a85ef73746700e1f2b11966aecc12.jpg, 1
apples-good-for-you-2000-5d010000cb0e48cfb0f81fad209ac1f9_jpg.rf.d2747503ea418f87489d055d11ad2436.jpg, 1
-00142_jpeg.rf.e7b77869290bed3bb186a10bcad4c06b.jpg, 1
IMG_3581_jpeg_jpeg.rf.f63a25a17bfac0acda20e891cd592e42.jpg, 1
img_p3_46_jpeg.rf.edff33f69e90ca87c73181ff4ddf4487.jpg, 1
img_p3_54_jpeg.rf.eb63e6810556f702f04eb6ee8d5ea133.jpg, 1